Draw Date	Winning Numbers	Multiplier
9/26/20	11 21 27 36 62 24	3
9/30/20	14 18 36 49 67 18	2
10/3/20	18 31 36 43 47 20	2
10/7/20	06 24 30 53 56 19	2
10/10/20	05 18 23 40 50 18	3
10/14/20	21 37 52 53 58 05	2
10/17/20	06 10 31 37 44 23	2
10/21/20	01 03 13 44 56 26	3
10/24/20	18 20 27 45 65 06	2
10/28/20	11 28 37 40 53 13	2
10/31/20	02 06 40 42 55 24	3
11/4/20	23 32 33 45 49 14	2
11/7/20	14 16 37 48 58 18	2
11/11/20	13 15 17 45 63 13	2
11/14/20	07 15 18 32 45 20	2
11/18/20	04 05 17 43 52 05	2
11/21/20	51 54 57 60 69 11	2
11/25/20	02 57 58 60 65 26	2
11/28/20	08 12 18 44 51 18	2
12/2/20	28 31 40 41 46 04	3
12/5/20	03 04 06 48 53 10	2
12/9/20	11 14 31 47 48 04	3
12/12/20	17 54 56 63 69 20	2
12/16/20	04 23 37 61 67 07	2
12/19/20	27 32 34 43 52 13	2
12/23/20	06 13 38 39 53 06	3
12/26/20	10 24 27 35 53 18	2
12/30/20	03 43 45 61 65 14	2
1/2/21	03 04 11 41 67 05	2
1/6/21	01 20 22 60 66 03	3
1/9/21	14 26 38 45 46 13	2
1/13/21	04 19 23 25 49 14	2
1/16/21	14 20 39 65 67 02	3
1/20/21	40 53 60 68 69 22	3
1/23/21	05 08 17 27 28 14	3
1/27/21	17 33 35 42 52 09	3
1/30/21	01 02 07 52 61 04	3
2/3/21	05 37 40 64 66 05	3
2/6/21	01 16 48 49 65 08	2
2/10/21	15 39 58 63 67 07	2
2/13/21	20 28 33 63 68 20	2
2/17/21	01 15 21 32 46 01	3
2/20/21	04 08 22 32 58 04	10
2/24/21	04 33 43 53 65 21	3
2/27/21	02 28 31 44 52 18	3
3/3/21	21 40 44 50 55 16	3
3/6/21	11 31 50 52 58 18	4
3/10/21	17 18 37 44 53 18	3
3/13/21	05 11 51 56 61 02	2
3/17/21	34 38 42 61 62 19	2
3/20/21	01 06 22 42 61 04	3
3/24/21	04 09 17 27 38 18	2
3/27/21	06 14 38 39 65 06	3
3/31/21	03 10 44 55 68 24	2
4/3/21	01 12 17 39 53 05	2
4/7/21	27 35 39 51 66 16	5
4/10/21	14 16 23 50 53 03	3
4/14/21	13 30 33 45 61 14	2
4/17/21	10 21 26 41 49 25	2
4/21/21	21 25 32 63 67 06	2
4/24/21	22 36 48 59 61 22	3
9/23/20	08 17 49 52 59 01	2
9/19/20	11 14 23 47 57 14	4
9/16/20	10 17 31 51 53 01	2
9/12/20	16 17 20 53 67 04	2
9/9/20	27 52 55 60 64 21	3
9/5/20	15 21 22 27 47 07	2
9/2/20	01 04 11 20 69 18	2
8/29/20	05 21 22 29 43 10	2
8/26/20	08 12 19 47 58 02	2
8/22/20	19 30 36 42 66 14	3
8/19/20	13 23 47 55 58 23	10
8/15/20	05 12 34 45 56 03	3
8/12/20	02 06 18 36 37 21	2
8/8/20	02 03 14 40 51 24	3
8/5/20	07 14 17 57 65 24	5
8/1/20	06 25 36 43 48 24	3
7/29/20	07 29 35 40 45 26	2
7/25/20	05 21 36 61 62 18	2
7/22/20	16 25 36 44 55 14	3
7/18/20	13 16 32 58 59 09	2
7/15/20	27 47 61 62 69 04	10
7/11/20	14 19 61 62 64 04	2
7/8/20	03 10 34 36 62 05	10
7/4/20	16 21 27 60 61 06	2
7/1/20	15 28 52 53 63 18	4
6/27/20	09 36 49 56 62 08	2
6/24/20	15 22 27 33 46 23	3
6/20/20	10 31 41 63 67 05	3
6/17/20	07 10 63 64 68 10	3
6/13/20	02 12 32 50 65 05	3
6/10/20	10 33 41 52 54 18	5
6/6/20	01 17 38 68 69 18	2
6/3/20	01 03 26 41 64 17	2
5/30/20	13 32 41 58 60 14	2
5/27/20	38 58 59 64 68 21	3
5/23/20	02 08 18 21 23 16	4
5/20/20	18 34 40 42 50 09	2
5/16/20	08 12 26 39 42 11	2
5/13/20	39 53 54 56 57 20	3
5/9/20	12 18 42 48 65 19	5
5/6/20	07 08 35 50 65 20	4
5/2/20	13 16 33 58 68 24	5
4/29/20	02 20 49 61 67 20	2
4/25/20	01 03 21 47 57 18	2
4/22/20	01 33 35 40 69 24	5
4/18/20	04 44 46 56 63 19	2
4/15/20	10 12 33 36 41 02	3
4/11/20	22 29 30 42 47 17	3
4/8/20	02 37 39 48 54 05	3
4/4/20	08 31 39 40 43 04	3
4/1/20	33 35 45 48 60 16	2
3/28/20	07 40 48 55 66 11	2
3/25/20	05 09 27 39 42 16	2
3/21/20	02 23 40 59 69 13	2
3/18/20	15 27 44 59 63 08	4
3/14/20	09 23 26 30 32 08	3
3/11/20	04 29 49 50 67 02	4
3/7/20	07 15 21 33 62 23	2
3/4/20	18 43 58 60 68 14	2
2/29/20	24 44 46 50 51 13	3
2/26/20	08 27 29 36 47 24	3
2/22/20	25 37 39 61 62 11	3
2/19/20	10 12 15 19 56 19	2
2/15/20	16 32 35 36 46 03	3
2/12/20	14 47 54 55 68 25	2
2/8/20	35 49 50 59 66 06	2
2/5/20	23 30 35 41 57 02	3
2/1/20	12 33 54 57 60 13	4
1/29/20	09 12 15 31 60 02	2
1/25/20	02 09 17 36 67 18	2
1/22/20	11 33 44 59 67 08	3
1/18/20	20 24 38 56 68 18	2
1/15/20	39 41 53 55 68 19	2
1/11/20	03 21 23 31 59 03	2
1/8/20	02 04 07 43 56 22	4
1/4/20	01 11 21 25 54 07	2
1/1/20	49 53 57 59 62 26	2
12/28/19	20 23 39 59 60 18	2
12/25/19	02 04 16 30 46 20	2
12/21/19	19 31 35 50 67 14	2
12/18/19	14 18 26 39 68 09	2
12/14/19	03 06 12 32 64 19	3
12/11/19	24 29 42 44 63 10	4
12/7/19	18 42 53 62 66 25	3
12/4/19	08 27 44 51 61 14	3
11/30/19	15 35 42 63 68 18	4
11/27/19	15 26 37 53 55 21	2
11/23/19	28 35 38 61 66 23	3
11/20/19	07 15 39 40 57 12	2
11/16/19	14 22 26 55 63 26	3
11/13/19	23 26 27 28 66 11	2
11/9/19	14 17 35 38 60 25	2
11/6/19	15 28 46 62 64 17	3
11/2/19	03 23 32 37 58 22	2
10/30/19	19 22 52 56 67 21	2
10/26/19	03 20 48 54 59 04	4
10/23/19	05 12 50 61 69 23	2
10/19/19	14 27 29 59 65 12	2
10/16/19	01 05 25 63 67 03	2
10/12/19	12 29 34 53 65 23	2
10/9/19	05 18 33 43 65 02	2
10/5/19	06 14 36 51 54 04	2
10/2/19	04 08 10 43 53 07	2
9/28/19	15 23 34 51 55 04	2
9/25/19	37 43 44 45 53 25	3
9/21/19	01 09 22 36 68 22	2
9/18/19	14 19 39 47 51 15	3
9/14/19	11 27 31 36 67 11	2
9/11/19	06 17 24 53 57 03	3
9/7/19	11 20 41 42 56 06	2
9/4/19	04 08 30 52 59 02	10
8/31/19	14 41 50 56 57 18	5
8/28/19	09 32 37 41 56 14	10
8/24/19	05 12 20 21 47 01	2
8/21/19	12 21 22 29 32 21	2
8/17/19	18 21 24 30 60 20	3
8/14/19	10 13 30 51 69 10	2
8/10/19	35 41 44 58 59 03	3
8/7/19	08 32 47 53 59 03	3
8/3/19	03 06 45 66 68 13	2
7/31/19	14 37 47 55 67 06	2
7/27/19	01 19 31 48 61 06	2
7/24/19	22 29 35 53 56 13	2
7/20/19	05 26 36 64 69 19	3
7/17/19	19 43 47 60 68 10	2
7/13/19	13 23 32 35 68 21	3
7/10/19	07 09 26 44 68 03	3
7/6/19	04 08 23 46 65 01	2
7/3/19	40 43 45 50 61 25	3
6/29/19	13 17 24 59 62 08	2
6/26/19	01 05 16 22 54 24	3
6/22/19	03 06 11 14 66 21	2
6/19/19	04 18 21 26 38 01	3
6/15/19	08 11 14 16 49 14	3
6/12/19	05 35 38 42 57 13	2
6/8/19	09 13 42 48 60 18	2
6/5/19	17 23 28 34 38 08	3
6/1/19	06 15 34 45 52 08	2
5/29/19	03 32 34 42 61 07	2
5/25/19	01 02 39 43 66 02	3
5/22/19	07 10 20 44 57 03	2
5/18/19	02 10 25 66 67 26	4
5/15/19	07 17 33 61 68 04	2
5/11/19	06 08 09 37 40 26	2
5/8/19	01 45 53 64 66 03	3
5/4/19	06 16 23 30 61 02	2
5/1/19	05 23 28 56 66 17	5
4/27/19	02 29 41 45 62 06	3
4/24/19	06 32 35 36 65 04	5
4/20/19	03 27 30 63 65 01	3
4/17/19	01 15 17 46 66 15	3
4/13/19	04 17 26 32 49 10	2
4/10/19	12 21 23 39 67 06	4
4/6/19	15 33 43 59 60 08	3
4/3/19	16 19 25 32 49 18	2
3/30/19	21 52 54 64 68 04	3
3/27/19	16 20 37 44 62 12	3
3/23/19	24 25 52 60 66 05	3
3/20/19	10 14 50 53 63 21	2
3/16/19	30 34 39 53 67 11	2
3/13/19	18 36 45 47 69 14	3
3/9/19	05 06 45 55 59 14	3
3/6/19	06 10 21 35 46 23	2
3/2/19	01 19 25 27 68 21	2
2/27/19	21 31 42 49 59 23	5
2/23/19	04 06 14 20 32 13	2
2/20/19	27 49 50 51 52 02	2
2/16/19	29 30 41 48 64 01	4
2/13/19	02 08 14 24 69 26	2
2/9/19	01 02 03 07 39 25	3
2/6/19	05 13 28 38 63 21	5
2/2/19	10 17 18 43 65 13	5
1/30/19	02 12 16 29 54 06	2
1/26/19	08 12 20 21 32 10	4
1/23/19	23 25 47 48 50 24	3
1/19/19	05 08 41 65 66 20	3
1/16/19	14 29 31 56 61 01	2
1/12/19	07 36 48 57 58 24	2
1/9/19	06 19 37 49 59 22	3
1/5/19	03 07 15 27 69 19	2
1/2/19	08 12 42 46 56 12	2
12/29/18	12 42 51 53 62 25	2
12/26/18	05 25 38 52 67 24	2
12/22/18	21 28 30 40 59 26	3
12/19/18	15 29 31 37 43 16	2
12/15/18	08 38 43 52 55 17	3
12/12/18	04 09 21 29 64 26	2
12/8/18	14 32 34 46 61 10	2
12/5/18	09 11 36 37 38 11	5
12/1/18	10 11 47 55 58 26	2
11/28/18	04 19 59 68 69 21	2
11/24/18	11 33 51 56 58 18	2
11/21/18	07 14 23 38 55 18	2
11/17/18	06 08 20 52 68 05	2
11/14/18	07 42 49 62 69 23	5
11/10/18	05 29 34 53 57 24	2
11/7/18	26 28 34 42 50 25	2
11/3/18	15 21 24 32 65 11	3
10/31/18	07 25 39 40 47 20	3
10/27/18	08 12 13 19 27 04	3
10/24/18	03 21 45 53 56 22	2
10/20/18	16 54 57 62 69 23	2
10/17/18	03 57 64 68 69 15	3
10/13/18	11 14 32 43 65 15	3
10/10/18	08 23 27 42 60 07	3
10/6/18	01 22 27 53 67 15	3
10/3/18	41 53 59 63 66 03	3
9/29/18	09 17 34 59 64 22	2
9/26/18	01 02 07 30 50 08	5
9/22/18	24 61 63 64 69 18	5
9/19/18	04 39 48 50 51 11	3
9/15/18	02 18 19 24 34 03	3
9/12/18	06 28 48 63 64 24	2
9/8/18	03 13 20 32 33 21	3
9/5/18	06 15 50 59 60 13	2
9/1/18	11 54 55 61 66 09	3
8/29/18	25 41 53 57 67 12	2
8/25/18	20 25 54 57 63 08	2
8/22/18	01 07 45 47 69 13	2
8/18/18	24 34 52 61 67 16	3
8/15/18	12 15 28 47 48 16	2
8/11/18	05 43 56 62 68 24	2
8/8/18	10 21 30 43 63 17	2
8/4/18	03 11 38 44 58 02	4
8/1/18	05 22 32 38 58 26	2
7/28/18	22 27 46 56 65 13	2
7/25/18	02 18 41 44 64 26	2
7/21/18	09 23 56 58 68 01	2
7/18/18	01 10 27 28 36 12	2
7/14/18	22 41 42 49 67 11	3
7/11/18	19 21 27 46 47 07	4
7/7/18	01 10 43 45 64 22	3
7/4/18	04 07 15 41 44 10	2
6/30/18	03 09 20 42 61 24	2
6/27/18	07 28 37 62 63 15	2
6/23/18	16 29 43 45 56 25	2
6/20/18	04 14 23 27 56 13	2
6/16/18	09 45 57 58 65 09	2
6/13/18	13 20 38 45 55 01	2
6/9/18	06 10 15 25 36 14	3
6/6/18	23 28 41 53 56 14	3
6/2/18	23 25 37 44 64 07	4
5/30/18	17 23 26 46 68 20	2
5/26/18	01 21 31 45 49 21	2
5/23/18	20 54 56 61 64 07	4
5/19/18	03 06 09 17 56 25	3
5/16/18	17 19 21 22 51 19	2
5/12/18	22 42 45 55 56 14	3
5/9/18	11 16 38 50 69 19	2
5/5/18	14 29 36 57 61 17	4
5/2/18	05 14 31 40 50 06	2
4/28/18	20 22 28 45 50 08	5
4/25/18	17 18 39 56 64 12	3
4/21/18	40 50 54 62 69 19	2
4/18/18	09 10 12 17 23 09	2
4/14/18	17 19 26 61 62 15	2
4/11/18	16 18 27 55 67 18	3
4/7/18	02 17 20 38 39 20	2
4/4/18	08 24 42 54 64 24	4
3/31/18	08 24 52 55 61 21	3
3/28/18	06 08 26 52 53 21	2
3/24/18	10 33 45 53 56 24	3
3/21/18	03 04 18 29 61 25	2
3/17/18	22 57 59 60 66 07	2
3/14/18	06 12 24 41 68 09	3
3/10/18	43 44 54 61 69 22	3
3/7/18	06 13 19 36 51 18	2
3/3/18	13 17 25 36 40 05	2
2/28/18	12 30 59 65 69 16	5
2/24/18	24 25 38 62 63 06	2
2/21/18	07 15 31 34 36 08	3
2/17/18	13 26 39 44 62 02	3
2/14/18	37 39 44 46 69 26	2
2/10/18	01 13 27 41 59 20	5
2/7/18	23 34 35 40 47 10	2
2/3/18	15 23 27 48 53 06	2
1/31/18	04 07 14 46 59 22	10
1/27/18	17 21 26 47 54 07	2
1/24/18	05 09 11 33 64 21	3
1/20/18	26 28 47 49 58 03	4
1/17/18	03 33 37 51 57 21	2
1/13/18	14 25 35 58 69 24	2
1/10/18	07 24 33 49 50 04	5
1/6/18	12 61 30 29 33 26	3
1/3/18	02 18 37 39 42 12	3
12/30/17	28 36 41 51 58 24	2
12/27/17	03 09 16 56 60 03	3
12/23/17	01 03 13 15 44 25	2
12/20/17	01 20 61 64 69 20	2
12/16/17	09 35 37 50 63 11	2
12/13/17	02 24 28 51 58 07	3
12/9/17	25 36 37 55 60 06	5
12/6/17	19 20 50 55 62 09	2
12/2/17	28 30 32 36 58 06	3
11/29/17	24 26 28 59 63 16	3
11/25/17	08 13 27 53 54 04	2
11/22/17	35 37 46 51 61 13	2
11/18/17	17 28 31 32 39 26	3
11/15/17	23 32 44 48 50 25	2
11/11/17	04 06 16 30 56 18	2
11/8/17	12 14 20 21 34 22	2
11/4/17	12 14 26 48 51 13	3
11/1/17	03 06 19 26 44 01	2
10/28/17	27 35 38 57 66 10	2
10/25/17	18 22 29 54 57 08	3
10/21/17	14 41 42 45 69 04	2
10/18/17	30 49 54 66 69 08	2
10/14/17	32 37 56 66 69 11	3
10/11/17	01 03 13 19 69 23	2
10/7/17	10 49 61 63 65 07	2
10/4/17	22 23 62 63 66 24	2
9/30/17	08 12 25 41 64 15	3
9/27/17	08 10 21 23 25 22	3
9/23/17	24 45 55 56 57 19	2
9/20/17	39 48 53 67 68 26	3
9/16/17	17 18 24 25 31 24	2
9/13/17	17 24 35 57 63 19	3
9/9/17	06 20 29 57 59 22	2
9/6/17	08 14 32 58 67 17	3
9/2/17	06 21 41 52 62 26	2
8/30/17	19 28 43 67 69 07	2
8/26/17	07 15 32 38 66 15	2
8/23/17	06 07 16 23 26 04	4
8/19/17	17 19 39 43 68 13	4
8/16/17	09 15 43 60 64 04	3
8/12/17	20 24 26 35 49 19	2
8/9/17	12 30 36 47 62 09	4
8/5/17	11 21 28 33 45 11	2
8/2/17	01 16 54 63 69 18	3
7/29/17	01 28 40 45 48 12	2
7/26/17	07 19 21 42 69 12	2
7/22/17	05 32 44 53 60 09	3
7/19/17	50 51 59 61 63 04	5
7/15/17	09 40 63 64 66 17	2
7/12/17	01 02 18 23 61 09	2
7/8/17	08 10 29 40 59 26	2
7/5/17	04 09 16 54 68 21	2
7/1/17	19 42 45 48 53 16	3
6/28/17	29 37 46 53 68 08	2
6/24/17	10 22 32 36 58 10	4
6/21/17	14 46 61 65 68 13	2
6/17/17	10 13 32 53 62 21	2
6/14/17	05 22 43 57 63 24	2
6/7/17	05 21 57 66 69 13	3
6/3/17	03 09 21 41 54 25	4
5/31/17	04 33 39 46 60 06	2
5/27/17	05 10 28 55 67 09	3
5/24/17	28 32 33 38 62 15	2
5/20/17	05 22 45 47 54 03	2
5/17/17	04 11 39 45 48 09	3
5/13/17	17 20 32 63 68 19	5
5/10/17	29 31 46 56 62 08	2
5/6/17	11 21 31 41 59 21	3
5/3/17	17 18 49 59 66 09	2
4/29/17	22 23 24 45 62 05	2
4/26/17	01 15 18 26 51 26	4
4/22/17	21 39 41 48 63 06	3
4/19/17	01 19 37 40 52 15	3
4/15/17	05 22 26 45 61 13	3
4/12/17	08 14 61 63 68 24	2
4/8/17	23 36 51 53 60 15	2
4/5/17	08 20 46 53 54 13	2
4/1/17	09 32 36 44 65 01	3
3/29/17	08 15 31 36 62 11	3
3/25/17	18 31 32 45 48 16	4
3/22/17	02 09 27 29 42 09	2
3/18/17	13 25 44 54 67 05	3
3/15/17	16 30 41 48 53 16	3
3/11/17	01 26 41 50 57 11	2
3/8/17	23 33 42 46 59 04	2
3/4/17	02 18 19 22 63 19	3
3/1/17	10 16 40 52 55 17	10
2/25/17	06 32 47 62 65 19	2
2/22/17	10 13 28 52 61 02	2
2/18/17	03 07 09 31 33 20	3
2/15/17	05 28 33 38 42 19	2
2/11/17	05 09 17 37 64 02	2
2/8/17	14 20 42 49 66 05	2
2/4/17	06 13 16 17 52 25	3
2/1/17	09 43 57 60 64 10	2
1/28/17	12 20 39 49 69 17	2
1/25/17	18 28 62 66 68 22	2
1/21/17	23 25 45 52 67 02	2
1/18/17	09 40 41 53 58 12	2
1/14/17	23 55 59 64 69 13	5
1/11/17	01 03 13 16 43 24	2
1/7/17	03 12 24 37 63 10	2
1/4/17	16 17 29 41 42 04	3
12/31/16	01 03 28 57 67 09	2
12/28/16	16 23 30 44 58 04	2
12/24/16	28 38 42 51 52 21	2
12/21/16	25 33 40 54 68 03	5
12/17/16	01 08 16 40 48 10	2
12/14/16	18 26 37 39 66 15	3
12/10/16	12 21 32 44 66 15	2
12/7/16	41 48 49 53 64 20	2
12/3/16	08 10 26 27 33 22	2
11/30/16	03 14 18 25 45 07	2
11/26/16	17 19 21 37 44 16	2
11/23/16	07 32 41 47 61 03	2
11/19/16	16 24 28 43 61 21	2
11/16/16	28 41 61 63 65 07	2
11/12/16	08 17 20 27 52 24	2
11/9/16	01 25 28 31 54 02	2
11/5/16	21 31 50 51 69 08	3
11/2/16	13 18 37 54 61 05	2
10/29/16	19 20 21 42 48 23	3
10/26/16	02 03 16 48 56 24	2
10/22/16	01 28 33 55 56 22	2
10/19/16	10 16 38 43 63 23	2
10/15/16	23 49 57 64 67 20	2
10/12/16	16 30 34 37 44 16	2
10/8/16	03 54 61 64 68 09	2
10/5/16	08 18 27 29 60 15	2
10/1/16	02 12 50 61 64 01	2
9/28/16	30 38 52 53 62 01	3
9/24/16	07 15 20 29 41 22	2
9/21/16	01 28 63 67 69 17	4
9/17/16	09 19 51 55 62 14	4
9/14/16	10 11 23 28 31 14	2
9/10/16	03 17 49 55 68 08	2
9/7/16	22 23 29 33 55 21	2
9/3/16	07 39 50 59 67 25	3
8/31/16	05 10 24 56 61 12	2
8/27/16	04 32 48 49 63 20	2
8/24/16	09 11 25 64 65 16	3
8/20/16	03 06 21 60 68 24	2
8/17/16	33 44 49 50 52 08	3
8/13/16	38 44 60 64 69 06	2
8/10/16	23 56 61 64 67 12	5
8/6/16	20 33 36 47 52 12	3
8/3/16	09 11 27 66 67 02	3
7/30/16	11 17 21 23 32 05	2
7/27/16	10 47 50 65 68 24	2
7/23/16	05 07 23 35 39 11	2
7/20/16	06 25 35 58 66 05	2
7/16/16	11 17 40 50 62 26	2
7/13/16	03 15 29 54 57 10	3
7/9/16	10 28 32 61 64 12	3
7/6/16	02 24 31 57 66 18	3
7/2/16	10 34 39 59 63 04	2
6/29/16	23 29 37 60 64 06	2
6/25/16	03 27 36 56 69 25	2
6/22/16	14 40 42 43 52 17	3
6/18/16	02 23 41 53 63 11	2
6/15/16	04 22 24 31 33 10	2
6/11/16	20 27 36 41 58 07	2
6/8/16	12 25 37 60 69 20	3
6/4/16	16 20 22 43 64 17	2
6/1/16	23 30 33 40 69 12	5
5/28/16	06 33 34 58 59 12	2
5/25/16	11 24 41 59 64 15	3
5/21/16	05 07 09 23 32 26	4
5/18/16	23 25 39 54 67 11	3
5/14/16	13 27 47 64 65 09	3
5/11/16	20 32 52 66 69 23	3
5/7/16	05 25 26 44 66 09	2
5/4/16	30 47 57 66 69 03	3
4/30/16	03 12 16 32 34 14	3
4/27/16	02 25 33 39 64 17	2
4/23/16	19 35 46 59 62 13	5
4/20/16	12 25 30 52 62 08	3
4/16/16	03 18 25 32 51 03	2
4/13/16	30 33 35 38 64 22	3
4/9/16	14 22 23 41 61 09	3
4/6/16	04 28 49 60 65 25	2
4/2/16	09 28 30 40 61 03	2
3/30/16	24 44 53 55 63 19	2
3/26/16	11 23 42 52 68 06	3
3/23/16	05 08 15 22 49 25	3
3/19/16	11 23 43 54 60 03	3
3/16/16	10 12 13 46 50 21	3
3/12/16	11 28 50 57 62 23	2
3/9/16	14 23 32 34 68 03	3
3/5/16	03 27 34 59 69 19	2
3/2/16	12 13 44 52 62 06	2
2/27/16	10 11 21 22 53 18	3
2/24/16	21 31 64 65 67 05	3
2/20/16	11 12 15 16 54 25	5
2/17/16	07 17 27 29 40 25	2
2/13/16	07 15 18 19 36 20	2
2/10/16	02 03 40 50 62 05	2
2/6/16	04 13 31 36 52 08	3
2/3/16	26 28 31 60 67 23	3
1/30/16	05 12 16 31 43 18	4
1/27/16	03 12 40 52 67 21	2
1/23/16	22 32 34 40 69 19	4
1/20/16	05 39 44 47 69 24	5
1/16/16	03 51 52 61 64 06	2
1/13/16	04 08 19 27 34 10	2
1/9/16	16 19 32 34 57 13	3
1/6/16	02 11 47 62 63 17	3
1/2/16	05 06 15 29 42 10	2
12/30/15	12 36 38 54 61 22	3
12/26/15	27 40 44 59 65 20	2
12/23/15	16 38 55 63 67 25	4
12/19/15	28 30 41 59 68 10	2
12/16/15	09 10 32 42 55 06	2
12/12/15	02 14 19 30 62 22	2
12/9/15	07 10 16 46 56 01	2
12/5/15	13 27 33 47 68 13	2
12/2/15	14 18 19 32 64 09	2
11/28/15	02 06 47 66 67 02	3
11/25/15	16 29 53 58 69 21	2
11/21/15	37 47 50 52 57 21	3
11/18/15	17 40 41 46 69 06	2
11/14/15	14 22 37 45 66 05	3
11/11/15	04 26 32 55 64 18	3
11/7/15	07 16 25 50 53 15	2
11/4/15	02 12 17 20 65 17	4
10/31/15	09 20 25 47 68 07	2
10/28/15	04 54 56 62 63 10	2
10/24/15	20 31 56 60 64 02	3
10/21/15	30 32 42 56 57 11	4
10/17/15	48 49 57 62 69 19	3
10/14/15	15 20 29 31 40 01	2
10/10/15	12 27 29 43 68 01	2
10/7/15	18 30 40 48 52 09	3
10/3/15	06 26 33 44 46 04	2
9/30/15	21 39 40 55 59 17	3
9/26/15	23 31 42 50 57 05	3
9/23/15	08 29 41 51 58 05	2
9/19/15	12 17 26 43 48 24	2
9/16/15	05 07 24 31 39 07	3
9/12/15	02 03 13 16 35 27	3
9/9/15	44 45 47 50 51 08	2
9/5/15	10 16 18 29 45 19	2
9/2/15	17 22 30 46 56 16	3
8/29/15	18 21 25 28 29 16	2
8/26/15	02 22 32 45 56 12	5
8/22/15	04 12 14 21 55 07	4
8/19/15	06 08 43 48 50 07	2
8/15/15	03 13 17 42 52 24	4
8/12/15	08 13 29 38 52 28	2
8/8/15	09 34 48 52 54 15	4
8/5/15	09 11 14 16 42 19	2
8/1/15	07 13 24 49 57 15	3
7/29/15	04 22 27 28 52 35	3
7/25/15	27 29 34 41 44 02	3
7/22/15	12 31 43 44 57 11	2
7/18/15	06 37 39 45 55 33	3
7/15/15	13 16 34 45 50 11	2
7/11/15	11 39 46 52 54 03	2
7/8/15	04 15 25 27 30 18	3
7/4/15	03 06 14 18 24 21	3
7/1/15	07 24 26 31 41 25	2
6/27/15	18 28 35 46 49 27	5
6/24/15	03 05 10 22 32 07	4
6/20/15	09 10 16 20 57 15	2
6/17/15	20 21 22 41 54 07	3
6/13/15	29 41 48 52 54 29	2
6/10/15	31 32 48 49 53 25	2
6/6/15	08 13 18 27 43 15	4
6/3/15	06 08 13 37 40 11	2
5/30/15	08 09 25 56 57 22	2
5/27/15	08 15 34 53 59 23	2
5/23/15	09 15 17 31 43 16	4
5/20/15	01 12 28 35 44 25	3
5/16/15	24 29 38 48 52 32	2
5/13/15	01 25 29 31 47 07	3
5/9/15	04 15 17 35 58 17	3
5/6/15	23 24 27 39 41 30	5
5/2/15	02 06 11 30 31 33	3
4/29/15	01 26 34 38 51 06	3
4/25/15	21 33 35 38 45 12	2
4/22/15	10 14 25 39 53 18	2
4/18/15	13 22 23 29 31 17	3
4/15/15	01 16 21 29 40 30	3
4/11/15	01 12 32 42 58 12	2
4/8/15	01 19 45 46 58 29	2
4/4/15	33 39 40 41 54 28	3
4/1/15	02 30 33 39 44 01	3
3/28/15	02 04 06 12 38 17	3
3/25/15	07 19 23 50 54 14	2
3/21/15	11 16 30 38 42 07	4
3/18/15	14 25 30 33 47 08	2
3/14/15	08 14 39 46 47 18	2
3/11/15	11 24 31 40 44 27	2
3/7/15	34 36 38 42 50 33	4
3/4/15	08 12 15 35 50 32	2
2/28/15	11 17 25 28 46 12	2
2/25/15	17 19 21 32 39 08	3
2/21/15	10 14 18 34 51 26	2
2/18/15	01 09 29 32 49 22	2
2/14/15	01 24 44 45 51 28	2
2/11/15	11 13 25 39 54 19	3
2/7/15	05 10 21 34 58 33	5
2/4/15	24 36 51 52 56 22	2
1/31/15	05 11 16 26 50 34	2
1/28/15	12 24 35 36 49 01	5
1/24/15	16 19 20 29 33 10	2
1/21/15	11 12 15 28 57 23	4
1/17/15	15 16 23 27 36 09	2
1/14/15	02 04 10 41 53 22	5
1/10/15	02 09 19 28 29 19	5
1/7/15	14 15 47 49 59 10	2
1/3/15	04 18 43 46 55 25	3
12/31/14	17 27 37 40 53 35	2
12/27/14	07 10 11 14 36 15	2
12/24/14	11 12 46 47 50 22	4
12/20/14	14 15 19 31 56 05	5
12/17/14	22 31 38 47 48 15	3
12/13/14	05 13 28 43 55 33	3
12/10/14	34 44 48 54 55 10	2
12/6/14	12 15 22 43 49 14	2
12/3/14	25 30 32 46 54 26	3
11/29/14	13 24 30 42 48 27	2
11/26/14	16 17 22 46 54 35	5
11/22/14	23 49 53 54 57 35	2
11/19/14	06 36 38 48 51 17	2
11/15/14	13 16 33 35 51 28	2
11/12/14	37 39 51 52 55 11	3
11/8/14	09 19 33 38 54 15	3
11/5/14	02 11 19 21 42 34	3
11/1/14	01 03 13 25 38 17	2
10/29/14	25 28 48 57 59 16	3
10/25/14	06 10 51 54 57 12	2
10/22/14	29 30 40 42 50 16	2
10/18/14	20 26 27 36 54 19	2
10/15/14	05 07 19 27 28 20	2
10/11/14	10 19 37 38 39 28	2
10/8/14	05 16 31 46 50 18	3
10/4/14	13 18 24 25 33 31	2
10/1/14	01 04 18 20 45 07	2
9/27/14	02 11 35 52 54 13	3
9/24/14	07 14 21 24 41 26	4
9/20/14	22 23 30 37 39 16	4
9/17/14	18 25 36 48 50 23	2
9/13/14	01 06 16 37 53 27	3
9/10/14	02 14 39 40 43 13	5
9/6/14	09 29 31 43 50 18	2
9/3/14	02 16 43 45 51 35	3
8/30/14	05 28 31 52 59 27	2
8/27/14	17 24 26 45 46 19	3
8/23/14	28 32 35 36 52 31	3
8/20/14	04 08 21 38 40 03	2
8/16/14	07 08 17 48 59 09	2
8/13/14	08 37 39 40 52 24	2
8/9/14	03 12 31 34 51 24	2
8/6/14	01 08 24 28 49 24	5
8/2/14	12 26 44 46 47 29	2
7/30/14	13 30 42 49 53 29	3
7/26/14	24 28 30 38 39 16	2
7/23/14	04 10 12 22 31 03	5
7/19/14	10 17 25 45 53 09	2
7/16/14	05 15 18 26 32 35	3
7/12/14	02 03 07 23 51 26	2
7/9/14	09 25 42 55 57 14	2
7/5/14	24 34 36 57 58 11	4
7/2/14	08 18 45 53 58 35	2
6/25/14	10 20 25 50 53 35	4
6/21/14	05 06 37 41 54 26	3
6/18/14	06 09 29 52 59 07	3
6/14/14	09 33 42 45 54 30	3
6/11/14	14 18 25 33 49 23	5
6/7/14	28 30 35 58 59 15	2
6/4/14	01 07 10 22 49 24	3
5/31/14	15 27 31 34 48 01	2
5/28/14	02 24 28 32 59 25	3
5/24/14	15 16 28 49 55 18	2
5/21/14	04 20 34 39 58 31	5
5/17/14	23 32 39 47 49 22	3
5/14/14	07 33 39 52 55 33	3
5/10/14	04 31 41 47 55 01	2
5/7/14	17 29 31 48 49 34	2
5/3/14	05 15 16 46 49 26	4
4/30/14	02 09 11 19 50 32	3
4/26/14	03 07 22 30 33 20	3
4/23/14	19 25 29 36 48 12	4
4/19/14	05 06 29 35 51 21	5
4/16/14	34 39 42 44 59 08	3
4/12/14	14 26 45 54 55 20	2
4/9/14	09 14 44 48 49 29	2
4/5/14	11 21 26 33 34 29	5
4/2/14	08 13 19 22 53 24	2
3/29/14	02 03 12 27 38 17	2
3/26/14	28 33 41 44 59 21	2
3/22/14	13 28 31 55 58 15	2
3/19/14	02 19 23 34 43 14	2
3/15/14	02 05 34 51 58 09	4
3/12/14	14 15 28 37 54 10	2
3/8/14	10 14 24 32 41 30	2
3/5/14	03 07 09 26 54 19	2
3/1/14	03 08 25 30 47 13	4
2/26/14	11 12 17 38 42 02	2
2/22/14	02 03 13 14 54 04	5
2/19/14	01 17 35 49 54 34	3
2/15/14	02 09 14 21 23 03	3
2/12/14	36 44 49 52 57 01	2
2/8/14	24 25 34 37 54 29	2
2/5/14	08 17 32 57 59 24	3
2/1/14	05 12 15 27 38 07	2
1/29/14	11 23 28 32 47 20	2
1/25/14	08 12 18 55 57 02	2
1/22/14	01 02 07 09 55 29	3
1/18/14	13 14 19 31 38 25
1/15/14	07 08 09 24 29 25
1/11/14	10 15 33 48 54 34
1/8/14	10 28 39 47 58 22
1/4/14	19 20 37 41 58 14
1/1/14	15 24 40 48 52 23
12/28/13	08 35 44 51 56 18
12/25/13	23 28 38 39 56 32
12/21/13	25 36 40 45 51 08
12/18/13	07 24 37 39 40 01
12/14/13	14 25 32 33 41 34
12/11/13	01 10 13 18 19 27
12/7/13	13 20 32 45 48 17
12/4/13	06 09 11 31 44 25
11/30/13	05 26 44 45 57 29
11/27/13	18 25 50 55 57 17
11/23/13	05 12 43 52 55 10
11/20/13	04 18 23 32 45 07
11/16/13	10 29 37 44 59 10
11/13/13	05 31 50 55 56 09
11/9/13	03 09 37 49 56 32
11/6/13	01 05 10 15 49 22
11/2/13	13 23 24 27 40 17
10/30/13	02 36 40 49 54 10
10/26/13	04 06 34 49 56 29
10/23/13	03 23 31 34 47 13
10/19/13	09 33 54 56 57 05
10/16/13	03 26 28 34 42 28
10/12/13	08 10 26 57 58 04
10/9/13	03 09 19 33 38 18
10/5/13	11 12 17 39 40 05
10/2/13	04 06 25 42 51 17
9/28/13	14 47 52 53 54 05
9/25/13	02 07 17 49 53 23
9/21/13	12 17 45 54 58 13
9/18/13	07 10 22 32 35 19
9/14/13	01 17 25 37 44 20
9/11/13	11 19 33 42 52 33
9/7/13	02 19 22 26 45 24
9/4/13	02 09 26 45 47 11
8/31/13	02 07 25 40 56 20
8/28/13	06 07 09 19 32 13
8/24/13	12 17 25 45 59 19
8/21/13	30 40 42 46 48 23
8/17/13	18 21 46 54 56 23
8/14/13	04 11 17 43 51 20
8/10/13	04 12 14 37 58 13
8/7/13	05 25 30 58 59 32
8/3/13	21 24 36 42 45 15
7/31/13	08 24 39 49 59 05
7/27/13	09 23 40 53 58 06
7/24/13	09 29 40 44 54 07
7/20/13	14 25 27 38 58 06
7/17/13	01 22 34 38 42 17
7/13/13	02 08 22 35 37 06
7/10/13	30 31 45 55 59 27
7/6/13	02 13 35 36 52 11
7/3/13	03 06 29 40 51 04
6/29/13	08 28 30 53 56 16
6/26/13	01 18 33 39 46 33
6/22/13	13 19 23 33 57 28
6/19/13	07 46 47 52 57 17
6/15/13	28 36 40 48 55 01
6/12/13	16 22 23 42 55 32
6/8/13	02 11 22 26 32 19
6/5/13	04 26 33 36 55 32
6/1/13	22 28 33 53 59 14
5/29/13	09 14 17 49 57 02
5/25/13	02 06 19 21 27 25
5/22/13	09 31 35 41 57 26
5/18/13	10 13 14 22 52 11
5/15/13	02 11 26 34 41 32
5/11/13	06 13 19 23 43 16
5/8/13	21 22 26 30 57 27
5/4/13	07 12 26 36 40 17
5/1/13	22 26 31 54 55 18
4/27/13	03 23 48 54 55 05
4/24/13	09 19 31 56 59 02
4/20/13	06 08 30 39 48 20
4/17/13	13 18 36 48 58 28
4/13/13	10 12 31 56 57 33
4/10/13	01 36 40 52 53 20
4/6/13	04 07 08 29 39 24
4/3/13	01 06 08 12 35 03
3/30/13	11 23 26 46 55 27
3/27/13	07 37 43 48 52 16
3/23/13	17 29 31 52 53 31
3/20/13	13 14 17 43 54 15
3/16/13	03 07 21 44 53 16
3/13/13	05 09 28 32 38 29
3/9/13	10 37 40 46 52 12
3/6/13	06 10 23 41 45 01
3/2/13	03 08 13 41 56 16
2/27/13	03 14 20 34 48 21
2/23/13	02 05 31 39 41 29
2/20/13	03 17 19 25 32 17
2/16/13	15 16 46 50 58 29
2/13/13	12 23 25 27 43 29
2/9/13	05 06 16 36 58 03
2/6/13	05 27 36 38 41 12
2/2/13	11 16 33 40 41 34
1/30/13	14 16 32 47 52 16
1/26/13	03 22 26 41 49 18
1/23/13	11 12 24 43 45 09
1/19/13	08 28 29 34 38 35
1/16/13	09 21 28 32 51 35
1/12/13	10 14 21 23 47 07
1/9/13	11 13 20 27 59 26
1/5/13	26 30 49 51 54 25
1/2/13	18 20 28 35 53 20
12/29/12	36 46 50 52 55 14
12/26/12	11 13 23 43 54 04
12/22/12	01 18 35 39 44 11
12/19/12	05 08 20 23 30 03
12/15/12	15 23 40 44 55 14
12/12/12	08 10 25 36 44 28
12/8/12	07 23 26 40 53 21
12/5/12	13 17 19 27 38 12
12/1/12	03 10 19 36 46 03
11/28/12	05 16 22 23 29 06
11/24/12	22 32 37 44 50 34
11/21/12	08 18 24 30 39 26
11/17/12	03 15 27 58 59 20
11/14/12	08 10 30 44 58 13
11/10/12	32 42 50 54 55 32
11/7/12	32 34 45 52 58 20
11/3/12	04 07 09 30 54 25
10/31/12	01 27 31 45 48 05
10/27/12	22 32 34 36 56 33
10/24/12	03 18 21 23 50 04
10/20/12	04 21 28 31 44 10
10/17/12	01 07 10 23 42 35
10/13/12	02 05 25 26 49 18
10/10/12	18 26 29 35 43 28
10/6/12	15 26 34 36 59 35
10/3/12	17 23 36 55 59 10
9/29/12	14 18 28 29 57 08
9/26/12	13 26 39 41 42 10
9/22/12	02 16 18 40 42 33
9/19/12	01 05 08 39 50 23
9/15/12	03 20 26 43 48 01
9/12/12	24 33 36 48 56 06
9/8/12	06 20 34 44 48 29
9/5/12	04 19 26 42 51 29
9/1/12	08 11 21 44 49 22
8/29/12	25 28 49 54 56 28
8/25/12	01 06 07 20 49 23
8/22/12	22 29 31 47 55 19
8/18/12	14 26 41 55 59 01
8/15/12	06 27 46 51 56 21
8/11/12	04 13 39 46 51 01
8/8/12	03 07 11 15 28 12
8/4/12	19 30 48 53 55 18
8/1/12	03 16 48 56 58 04
7/28/12	05 06 13 36 50 13
7/25/12	03 14 35 38 46 16
7/21/12	09 31 38 54 56 20
7/18/12	02 05 20 23 57 03
7/14/12	04 16 32 37 46 13
7/11/12	05 22 36 49 55 23
7/7/12	03 05 29 39 59 29
7/4/12	14 19 35 39 56 33
6/30/12	07 15 20 41 44 22
6/27/12	06 34 40 46 58 06
6/23/12	01 03 41 44 53 30
6/20/12	11 17 29 56 57 14
6/16/12	08 14 15 16 27 26
6/13/12	07 10 14 33 57 18
6/9/12	18 22 45 56 57 27
6/6/12	19 30 33 48 59 27
6/2/12	09 10 17 29 45 33
5/30/12	09 10 24 52 56 14
5/26/12	13 14 41 49 59 14
5/23/12	04 07 26 53 59 32
5/19/12	08 13 35 46 51 30
5/16/12	03 07 21 28 43 02
5/12/12	10 24 35 53 58 22
5/9/12	01 07 11 55 56 01
5/5/12	09 12 20 44 59 23
5/2/12	07 08 33 38 50 29
4/28/12	31 39 40 57 58 33
4/25/12	04 25 29 34 43 29
4/21/12	06 08 20 42 51 16
4/18/12	20 22 39 46 49 29
4/14/12	14 15 16 19 24 02
4/11/12	16 23 42 44 47 02
4/7/12	05 13 17 20 30 18
4/4/12	01 24 33 45 49 06
3/31/12	05 14 36 54 58 27
3/28/12	11 16 29 50 58 33
3/24/12	01 15 35 37 47 08
3/21/12	32 43 53 55 56 06
3/17/12	11 14 49 55 58 30
3/14/12	01 08 41 46 59 24
3/10/12	05 14 17 20 41 05
3/7/12	12 35 45 46 47 12
3/3/12	29 30 45 47 49 35
2/29/12	01 04 11 23 26 14
2/25/12	06 11 42 53 54 07
2/22/12	07 16 17 39 51 32
2/18/12	23 28 50 56 59 05
2/15/12	11 12 32 52 56 11
2/11/12	01 10 37 52 57 11
2/8/12	17 28 38 39 51 33
2/4/12	15 23 43 45 56 07
2/1/12	08 13 17 34 59 35
1/28/12	05 33 41 54 59 13
1/25/12	04 19 28 29 47 05
1/21/12	12 24 43 44 45 07
1/18/12	06 29 34 44 50 28
1/14/12	10 30 36 38 41 01	5
1/11/12	05 19 29 45 47 25	2
1/7/12	03 21 24 38 39 24	5
1/4/12	21 35 46 47 50 02	4
12/31/11	05 23 25 28 40 34	4
12/28/11	16 21 27 41 45 14	2
12/24/11	14 16 30 51 52 19	2
12/21/11	10 13 15 31 54 18	5
12/17/11	13 28 49 51 59 33	4
12/14/11	02 24 46 52 56 19	5
12/10/11	04 19 33 41 59 09	5
12/7/11	03 14 20 39 40 37	2
12/3/11	05 18 33 43 45 08	3
11/30/11	02 06 34 35 47 22	2
11/26/11	20 37 39 45 55 28	2
11/23/11	04 30 35 57 59 25	2
11/19/11	09 16 17 28 30 11	3
11/16/11	13 22 25 39 51 28	2
11/12/11	04 35 36 51 56 08	5
11/9/11	05 35 57 58 59 12	3
11/5/11	02 33 39 40 43 26	3
11/2/11	12 14 34 39 46 36	4
10/29/11	11 16 40 51 56 38	5
10/26/11	01 18 21 39 55 06	3
10/22/11	03 08 23 30 58 13	4
10/19/11	16 26 35 52 58 02	5
10/15/11	05 10 24 38 43 01	4
10/12/11	10 12 23 43 47 18	3
10/8/11	03 27 35 37 45 31	5
10/5/11	07 20 43 46 54 17	4
10/1/11	01 12 23 27 43 31	3
9/28/11	30 41 50 51 53 08	2
9/24/11	03 04 12 27 44 26	5
9/21/11	12 47 48 52 55 13	4
9/17/11	06 20 22 32 43 11	2
9/14/11	16 41 42 50 59 05	3
9/10/11	04 19 22 32 53 24	4
9/7/11	03 05 18 27 54 13	4
9/3/11	15 25 52 53 54 02	5
8/31/11	13 19 35 47 57 29	5
8/27/11	02 12 25 54 58 14	3
8/24/11	09 13 47 49 53 39	5
8/20/11	02 17 23 28 47 36	2
8/17/11	18 28 31 48 52 37	4
8/13/11	09 12 35 50 58 04	2
8/10/11	11 18 36 41 46 38	4
8/6/11	25 30 54 57 59 06	3
8/3/11	13 19 21 28 49 11	2
7/30/11	20 40 41 47 55 19	2
7/27/11	38 40 41 51 59 33	2
7/23/11	01 07 27 38 48 30	3
7/20/11	01 04 38 40 42 17	4
7/16/11	24 28 48 50 54 25	3
7/13/11	08 18 19 32 54 08	4
7/9/11	01 09 11 23 31 06	3
7/6/11	11 15 24 50 55 08	2
7/2/11	01 11 18 29 51 32	3
6/29/11	24 30 45 57 59 26	3
6/25/11	18 36 39 41 57 12	4
6/22/11	12 15 19 46 59 12	4
6/18/11	12 21 22 38 41 18	2
6/15/11	19 20 38 41 43 29	4
6/11/11	16 18 27 36 50 08	3
6/8/11	14 37 44 45 53 29	5
6/4/11	17 19 39 41 58 21	5
6/1/11	08 18 38 46 56 31	4
5/28/11	12 20 43 51 55 11	4
5/25/11	04 23 31 42 50 23	2
5/21/11	02 08 40 49 50 36	3
5/18/11	07 12 13 42 49 16	4
5/14/11	08 17 18 40 44 16	2
5/11/11	09 17 32 43 45 31	3
5/7/11	02 11 27 47 55 15	4
5/4/11	03 15 27 29 41 24	4
4/30/11	06 13 15 32 41 03	2
4/27/11	04 24 40 44 55 05	2
4/23/11	03 11 47 48 58 19	3
4/20/11	09 24 34 36 43 27	3
4/16/11	21 33 44 45 55 07	5
4/13/11	04 23 39 49 50 39	3
4/9/11	05 14 32 53 56 11	4
4/6/11	10 18 41 55 56 15	2
4/2/11	06 22 34 43 45 23	2
3/30/11	19 20 42 56 58 37	4
3/26/11	04 10 11 19 33 27	4
3/23/11	05 15 26 28 32 09	2
3/19/11	03 11 20 27 46 08	2
3/16/11	28 39 40 48 53 09	3
3/12/11	01 04 12 41 47 03	4
3/9/11	12 20 28 40 48 08	2
3/5/11	02 23 31 42 48 21	2
3/2/11	07 31 50 51 58 06	2
2/26/11	04 13 17 21 45 10	5
2/23/11	29 32 36 39 49 29	3
2/19/11	03 12 34 37 42 36	5
2/16/11	09 13 21 23 48 24	2
2/12/11	11 32 36 48 52 19	4
2/9/11	07 11 39 42 51 30	4
2/5/11	15 37 41 56 59 05	5
2/2/11	03 14 33 53 57 36	4
1/29/11	24 28 45 49 52 02	4
1/26/11	04 05 36 47 58 06	3
1/22/11	30 31 34 45 51 23	2
1/19/11	22 36 51 56 59 32	3
1/15/11	09 13 22 23 37 31	3
1/12/11	19 21 23 40 48 27	4
1/8/11	06 07 26 33 52 24	2
1/5/11	22 26 32 38 40 07	5
1/1/11	18 22 37 47 54 36	2
12/29/10	03 16 18 20 37 30	2
12/25/10	01 17 38 50 52 24	2
12/22/10	11 33 44 46 47 12	2
12/18/10	04 11 19 33 43 14	4
12/15/10	10 11 18 32 45 18	5
12/11/10	01 08 10 19 20 23	2
12/8/10	08 11 25 41 58 16	4
12/4/10	13 24 27 31 42 22	5
12/1/10	05 10 11 12 20 02	3
11/27/10	10 30 37 47 54 39	5
11/24/10	08 20 21 32 37 04	3
11/20/10	10 12 38 53 57 01	5
11/17/10	14 16 53 54 59 05	3
11/13/10	17 30 48 51 54 29	5
11/10/10	05 08 11 40 44 10	4
11/6/10	07 12 23 34 38 33	4
11/3/10	34 38 39 45 50 33	2
10/30/10	01 07 27 36 49 39	5
10/27/10	20 24 25 53 59 15	5
10/23/10	02 07 16 20 46 34	4
10/20/10	07 17 20 39 59 17	3
10/16/10	11 12 15 16 28 11	2
10/13/10	12 22 32 34 46 02	4
10/9/10	02 06 32 42 49 35	3
10/6/10	14 26 37 41 46 24	5
10/2/10	12 20 30 36 47 25	4
9/29/10	13 44 51 52 55 30	4
9/25/10	08 16 27 35 42 30	2
9/22/10	10 24 36 52 55 15	5
9/18/10	01 18 37 39 44 13	4
9/15/10	07 20 21 34 43 34	5
9/11/10	07 17 20 36 59 33	4
9/8/10	10 35 39 51 57 20	5
9/4/10	11 14 22 33 42 38	2
9/1/10	17 20 21 40 51 19	3
8/28/10	04 22 27 32 56 13	4
8/25/10	16 17 29 31 36 23	3
8/21/10	07 10 12 22 27 26	2
8/18/10	04 32 33 47 55 39	3
8/14/10	09 33 36 50 58 31	2
8/11/10	07 10 22 23 52 29	2
8/7/10	04 22 26 31 52 30	5
8/4/10	19 28 30 37 53 36	4
7/31/10	01 16 17 41 57 15	3
7/28/10	01 11 20 25 27 02	5
7/24/10	20 30 38 46 59 27	2
7/21/10	16 22 30 51 58 25	3
7/17/10	22 27 35 37 45 03	4
7/14/10	20 21 23 38 42 06	3
7/10/10	20 21 27 28 56 04	4
7/7/10	10 41 44 48 56 04	2
7/3/10	03 10 14 52 53 03	3
6/30/10	06 38 43 47 48 27	5
6/26/10	13 30 32 38 57 25	4
6/23/10	11 30 45 47 48 10	3
6/19/10	09 30 31 50 54 39	3
6/16/10	08 11 18 29 36 06	5
6/12/10	09 12 13 35 38 30	10
6/9/10	14 22 27 32 49 05	4
6/5/10	18 34 40 48 59 25	4
6/2/10	04 09 14 39 43 38	4
5/29/10	01 03 24 28 41 10	4
5/26/10	01 06 10 13 20 32	4
5/22/10	19 20 40 47 57 29	2
5/19/10	02 07 29 55 58 27	3
5/15/10	15 21 23 28 36 20	2
5/12/10	37 51 52 53 58 38	2
5/8/10	05 22 34 41 57 31	5
5/5/10	13 34 40 47 57 11	4
5/1/10	16 23 25 49 58 20	4
4/28/10	12 22 25 28 44 24	4
4/24/10	01 12 53 56 57 05	2
4/21/10	11 34 41 49 55 20	2
4/17/10	05 21 22 41 49 15	5
4/14/10	06 14 32 38 52 20	3
4/10/10	21 22 49 52 58 34	2
4/7/10	04 36 40 44 52 33	2
4/3/10	10 15 31 52 59 04	4
3/31/10	05 13 17 45 54 12	5
3/27/10	07 21 32 44 52 10	4
3/24/10	14 20 24 39 49 07	3
3/20/10	09 36 39 44 45 09	2
3/17/10	24 26 45 48 55 08	2
3/13/10	06 16 20 31 36 08	5
3/10/10	17 21 37 41 50 01	2
3/6/10	10 29 33 41 59 15	2
3/3/10	07 09 14 45 49 23	4
2/27/10	18 47 51 53 58 30	2
2/24/10	04 17 35 50 57 12	2
2/20/10	13 27 37 41 54 32	2
2/17/10	07 08 19 26 36 15	3
2/13/10	10 14 30 40 51 01	4
2/10/10	05 08 29 37 38 34	5
2/6/10	14 22 52 54 59 04	3
2/3/10	17 22 36 37 52 24	2
5/1/21	35 36 47 61 63 03	3
5/5/21	16 23 28 40 63 01	2
5/8/21	12 17 20 21 26 08	3
5/12/21	01 19 20 38 54 17	2
5/15/21	04 10 37 39 69 24	3
5/19/21	11 13 55 56 69 04	2
5/22/21	03 19 27 37 40 08	2
5/26/21	02 08 21 34 62 16	2
5/29/21	11 13 22 27 46 20	2
6/2/21	06 07 11 66 67 19	3
6/5/21	44 52 54 64 69 26	3
6/12/21	08 25 34 38 41 10	3
6/16/21	19 29 34 44 50 25	2
6/19/21	04 22 35 38 39 20	2
6/23/21	13 20 40 51 63 01	3
6/26/21	08 31 39 43 60 17	3
6/30/21	24 29 50 65 66 14	4
7/3/21	26 40 41 55 65 24	2
7/7/21	08 21 30 49 57 08	2
7/10/21	01 05 29 54 62 03	2
7/14/21	33 46 52 59 62 10	2
7/17/21	15 22 38 54 66 03	2
7/21/21	27 28 44 67 68 11	2
7/24/21	01 04 11 59 67 10	2
7/28/21	25 30 53 59 60 05	3
7/31/21	01 21 22 34 47 04	2
8/4/21	05 21 32 36 58 14	2
8/7/21	07 24 36 54 60 23	2
8/11/21	12 18 20 29 30 16	3
8/14/21	06 21 49 65 67 18	2
8/18/21	35 36 51 55 61 26	2
8/21/21	16 28 36 39 59 04	2
8/23/21	17 36 47 60 61 15	3
8/25/21	27 39 54 56 59 24	3
8/28/21	12 22 26 46 59 26	2
8/30/21	03 15 45 51 61 08	2
9/1/21	10 20 29 48 51 17	2
9/4/21	32 35 40 52 54 01	5
9/6/21	11 20 22 33 54 24	2
9/8/21	09 22 41 47 61 21	2
9/11/21	20 31 38 40 49 21	2
9/13/21	37 40 50 61 63 21	3
9/15/21	01 04 18 46 62 25	3
9/18/21	05 36 39 45 57 11	2
9/20/21	37 51 54 58 60 19	2
9/22/21	20 40 47 55 63 05	3
9/25/21	22 23 37 62 63 19	3
9/27/21	21 22 39 44 60 12	2
9/29/21	02 07 11 17 32 11	3
10/2/21	28 38 42 47 52 01	2
10/4/21	12 22 54 66 69 15	2
10/6/21	01 17 52 58 64 01	10
10/9/21	12 17 30 45 62 05	2
10/11/21	11 20 33 39 65 24	3
10/13/21	23 29 47 59 60 15	2
10/16/21	30 31 41 42 48 03	3
10/18/21	30 32 48 53 63 12	2
10/20/21	07 29 36 41 43 05	2
10/23/21	10 30 51 57 63 20	2
10/25/21	10 27 29 44 58 24	2
10/27/21	03 06 26 35 51 17	4
10/30/21	05 23 28 43 56 19	2
11/1/21	09 25 34 44 45 08	3
11/3/21	01 02 24 50 57 26	2
11/6/21	08 30 48 57 64 09	2
11/8/21	21 46 47 57 62 08	3
11/10/21	19 25 43 46 48 14	2
11/13/21	08 15 26 35 45 09	3
11/15/21	05 31 34 51 53 23	2
11/17/21	03 16 48 52 60 01	3
11/20/21	40 43 48 59 69 19	3
11/22/21	07 20 29 38 67 22	2
11/24/21	10 16 32 63 65 17	2
11/27/21	08 32 55 64 66 10	2
11/29/21	18 26 28 38 47 17	2
12/1/21	12 15 38 57 63 24	2
12/4/21	10 40 45 56 67 02	2
12/6/21	03 21 38 50 59 06	3
12/8/21	03 07 33 50 69 24	2
12/11/21	03 25 44 53 64 10	2
12/13/21	10 30 37 53 59 04	2
12/15/21	19 20 40 42 59 15	3
12/18/21	02 06 24 51 61 01	2
12/20/21	02 13 23 34 66 02	4
12/22/21	07 16 19 48 68 15	2
12/25/21	27 29 45 55 58 02	3
12/27/21	36 38 45 62 64 19	2
12/29/21	02 06 09 33 39 11	2
1/1/22	06 12 39 48 50 07	2
1/3/22	02 13 32 33 48 22	2
1/5/22	06 14 25 33 46 17	2
1/8/22	20 21 36 60 65 13	10
1/10/22	14 17 18 21 27 09	2
1/12/22	12 21 22 30 33 24	4
1/15/22	03 18 37 51 59 13	2
1/17/22	09 24 35 46 65 22	2
1/19/22	11 15 43 55 61 10	3
1/22/22	08 14 33 36 67 17	2
1/24/22	11 29 30 47 53 16	3
1/26/22	04 11 38 49 69 16	3
1/29/22	02 15 38 54 65 11	4
1/31/22	10 15 51 61 69 14	3
2/2/22	18 29 33 62 63 15	3
2/5/22	05 16 27 39 61 24	2
2/7/22	05 15 38 47 65 10	3
2/9/22	02 17 33 51 63 26	2
2/12/22	08 10 21 41 62 07	3
2/14/22	16 25 27 49 55 17	3
2/16/22	22 30 40 42 48 16	2
2/19/22	03 10 15 33 42 11	2
2/21/22	02 36 37 45 69 03	2
2/23/22	06 17 21 35 64 18	2
2/26/22	15 32 36 48 64 19	3
2/28/22	07 21 39 47 55 19	2
3/2/22	19 37 48 61 63 12	2
3/5/22	08 23 37 52 63 13	2
3/7/22	10 43 55 59 67 02	3
3/9/22	13 22 34 51 67 10	2
3/14/22	21 28 32 44 49 06	3
3/16/22	03 28 34 35 58 17	2
3/19/22	08 09 18 48 52 06	2
3/21/22	01 15 26 63 65 16	2
3/23/22	31 32 37 38 48 24	2
3/26/22	02 10 50 59 61 06	3
3/28/22	11 18 39 58 62 03	2
3/30/22	03 07 21 31 37 11	3
4/2/22	06 28 47 58 59 18	2
4/4/22	02 32 39 46 69 06	2
4/6/22	06 42 45 47 64 18	3
4/11/22	05 07 24 31 34 04	2
4/13/22	14 16 41 63 68 26	2
4/16/22	15 21 32 62 65 26	5
4/18/22	08 33 55 59 62 18	2
4/20/22	20 30 45 55 56 14	2
4/23/22	10 39 47 49 56 08	3
4/25/22	12 18 20 39 61 10	2
4/27/22	11 36 61 62 68 04	2
4/30/22	14 21 37 44 63 01	3
5/2/22	18 27 33 39 44 08	5
5/4/22	37 39 55 63 69 23	2
5/7/22	04 05 06 28 67 10	2
5/9/22	18 30 35 52 56 05	2
5/11/22	05 07 61 63 69 18	2
5/14/22	06 40 41 45 52 09	3
5/16/22	07 15 22 36 64 13	2
5/18/22	40 41 58 64 65 17	3
5/21/22	14 15 25 52 58 11	2
5/23/22	01 33 37 39 42 26	2
5/25/22	19 28 39 42 57 17	3
5/28/22	02 39 50 61 66 15	2
5/30/22	27 28 51 68 69 22	2
6/1/22	11 41 56 57 63 02	2
6/4/22	14 16 36 52 60 16	3
6/6/22	02 10 35 44 46 04	2
6/8/22	22 39 43 62 64 07	4
6/11/22	18 20 26 53 69 05	2
6/13/22	02 27 42 44 51 25	2
6/15/22	19 28 41 42 51 07	2
6/18/22	10 19 40 45 58 25	2
6/20/22	03 44 61 63 69 13	2
6/22/22	06 10 31 48 56 12	3
6/25/22	06 12 20 27 32 04	3
6/27/22	11 13 18 30 37 16	3
6/29/22	08 40 49 58 63 14	3
7/2/22	09 10 37 59 62 26	3
7/4/22	15 16 24 31 56 04	2
7/6/22	32 36 49 62 69 13	2
7/9/22	14 22 42 46 52 24	3
7/11/22	04 26 34 37 52 09	2
7/13/22	22 23 36 47 63 02	2
7/16/22	03 18 23 32 57 21	2
7/18/22	14 34 36 50 58 05	3
7/20/22	10 20 23 49 65 22	3
7/23/22	39 41 54 59 62 12	3
7/25/22	25 37 38 39 65 05	2
7/27/22	01 25 44 55 57 26	2
7/30/22	04 17 57 58 68 12	3
8/1/22	15 21 31 36 65 16	3
8/3/22	09 21 56 57 66 11	2
8/6/22	08 15 46 56 68 03	2
8/8/22	32 45 51 57 58 12	2
8/10/22	29 44 59 61 68 19	2
8/13/22	19 24 35 43 62 02	10
8/15/22	20 24 47 50 63 05	2
8/17/22	23 28 41 50 55 24	2
8/20/22	05 09 11 16 66 07	2
8/22/22	12 27 34 55 67 09	2
8/24/22	06 24 35 37 44 22	4
8/27/22	02 18 56 60 65 14	3
8/29/22	13 36 43 61 69 18	3
8/31/22	07 08 19 24 28 01	2
9/3/22	18 27 49 65 69 09	2
9/5/22	04 07 32 55 64 25	2
9/7/22	03 16 30 33 36 20	3
9/10/22	38 42 56 68 69 04	2
9/12/22	06 14 16 34 66 25	3
9/14/22	09 10 20 22 52 25	3
9/17/22	05 25 36 51 61 01	3
9/19/22	07 15 36 46 67 07	2
9/21/22	06 33 34 45 54 07	2
9/24/22	03 09 21 24 29 14	2
9/26/22	13 20 31 33 59 20	3
9/28/22	06 10 24 33 67 11	3
10/1/22	08 21 22 65 69 26	2
10/3/22	02 16 22 55 63 22	4
10/5/22	26 30 33 37 62 06	2
10/8/22	13 43 53 60 68 05	2
10/10/22	03 06 11 17 22 11	2
10/12/22	14 30 41 42 59 06	5
10/15/22	32 37 40 58 62 15	5
10/17/22	19 30 36 46 60 25	3
10/19/22	06 08 15 27 42 10	3
10/22/22	19 25 48 55 60 18	2
10/24/22	18 23 35 45 54 16	4
10/26/22	19 36 37 46 56 24	2
10/29/22	19 31 40 46 57 23	3
10/31/22	13 19 36 39 59 13	3
11/2/22	02 11 22 35 60 23	2
11/5/22	28 45 53 56 69 20	3
11/9/22	07 14 24 30 56 07	2
11/12/22	16 20 44 57 58 06	4
11/14/22	19 35 53 54 67 21	2
11/16/22	28 34 51 53 56 11	2
11/19/22	07 28 62 63 64 10	3
11/21/22	01 06 40 51 67 02	2
11/23/22	01 02 31 39 66 25	2
11/26/22	15 30 47 50 51 03	10
11/28/22	29 30 32 48 50 20	2
11/30/22	04 19 24 47 66 10	2
12/3/22	06 13 33 36 37 07	4
12/5/22	35 45 47 54 55 14	2
12/7/22	06 28 44 59 61 21	2
12/10/22	09 23 47 49 68 19	2
12/12/22	16 31 50 55 61 09	4
12/14/22	36 51 59 66 68 25	10
12/17/22	33 56 64 66 68 12	2
12/19/22	07 37 55 65 67 12	5
12/21/22	12 15 24 34 59 14	2
12/24/22	17 37 46 54 67 08	3
12/26/22	17 41 47 60 61 17	3
12/28/22	26 32 38 45 56 01	2
12/31/22	18 37 44 50 64 11	3
1/2/23	07 09 12 31 62 22	2
1/4/23	12 32 56 67 68 26	3
1/7/23	35 36 44 45 67 14	3
1/9/23	18 43 48 60 69 14	3
1/11/23	04 08 46 47 48 05	3
1/14/23	24 26 39 47 57 23	2
1/16/23	04 14 33 39 61 03	3
1/18/23	06 15 22 42 47 26	3
1/21/23	05 14 19 46 64 22	4
1/23/23	12 31 47 58 60 23	3
1/25/23	09 17 20 38 40 18	2
1/28/23	02 18 23 27 47 15	4
1/30/23	01 04 12 36 49 05	2
2/1/23	31 43 58 59 66 09	2
2/4/23	02 08 15 19 58 10	2
2/6/23	05 11 22 23 69 07	2
2/8/23	52 58 59 64 66 09	2
2/11/23	10 23 30 54 65 11	4
2/13/23	17 26 37 61 65 02	2
2/15/23	31 32 54 60 63 12	4
2/18/23	08 21 31 32 37 23	4
2/20/23	03 17 26 38 54 15	3
2/22/23	11 19 39 44 65 07	2
2/25/23	11 24 58 66 67 26	3
2/27/23	16 28 49 51 55 23	2
3/1/23	02 09 28 36 53 04	2
3/4/23	10 16 18 40 66 16	3
3/6/23	02 13 29 58 69 04	3
3/8/23	26 27 43 61 69 04	3
3/11/23	11 20 33 43 58 24	2
3/13/23	03 10 24 46 63 04	2
3/15/23	16 18 33 37 50 08	2
3/18/23	14 20 30 54 69 11	2
3/20/23	01 27 32 47 67 14	2
3/22/23	27 28 37 50 57 05	2
3/25/23	15 17 18 47 57 19	2
3/27/23	19 26 36 43 58 14	3
3/29/23	04 09 24 46 66 07	3
4/1/23	11 19 21 29 52 17	4
4/3/23	16 30 31 54 68 01	2
4/5/23	03 05 09 42 52 11	2
4/8/23	11 22 24 51 60 18	3
4/10/23	09 10 36 46 52 14	2
4/12/23	09 36 41 44 59 04	2
4/15/23	01 33 34 56 59 18	3
4/17/23	23 25 35 63 64 25	3
4/19/23	04 11 21 38 64 11	3
4/22/23	17 36 47 63 68 25	2
4/24/23	19 21 55 66 68 03	2
4/26/23	02 15 30 35 49 06	2
4/29/23	16 53 54 57 65 08	2
5/1/23	03 38 55 61 66 01	3
5/3/23	21 26 30 45 47 23	3
5/6/23	31 39 47 51 53 06	2
5/8/23	15 20 33 36 43 12	2
5/10/23	21 24 33 55 69 03	10
5/13/23	03 15 20 23 46 11	2
5/15/23	01 26 28 55 58 25	2
5/17/23	18 34 37 45 51 14	2
5/20/23	17 23 32 38 63 23	2
5/22/23	09 38 48 52 68 25	4
5/24/23	12 21 44 50 58 26	3
5/27/23	24 38 39 48 56 04	2
5/29/23	21 33 35 62 64 24	2
5/31/23	02 04 54 61 62 14	3
6/3/23	15 45 64 67 68 18	2
6/5/23	02 31 45 46 49 20	2
6/7/23	16 21 29 53 66 02	5
6/10/23	21 32 42 46 50 04	3
6/12/23	02 03 16 23 68 07	2
6/14/23	03 20 36 42 64 04	2
6/17/23	02 12 45 61 64 26	2
6/19/23	36 39 52 57 69 01	3
6/21/23	05 11 33 35 63 14	2
6/24/23	02 38 44 50 62 19	3
6/26/23	06 28 39 43 54 12	4
6/28/23	19 25 34 57 68 04	5
7/1/23	04 17 35 49 61 08	2
7/3/23	15 26 31 38 61 03	3
7/5/23	17 24 48 62 68 23	2
7/8/23	07 23 24 32 43 18	2
7/10/23	02 24 34 53 58 13	2
7/12/23	23 35 45 66 67 20	3
7/15/23	02 09 43 55 57 18	2
7/17/23	05 08 09 17 41 21	4
7/19/23	07 10 11 13 24 24	2
7/22/23	25 27 36 37 63 07	2
7/24/23	03 04 12 28 49 25	2
7/26/23	03 16 40 48 60 14	2
6/9/21	19 28 46 50 54 09	2
7/29/23	10 25 27 34 38 02	3
7/31/23	02 11 48 58 65 13	2
8/2/23	23 24 33 51 64 05	2
8/5/23	18 42 44 62 65 23	2
8/7/23	06 13 20 35 54 22	2
8/9/23	10 15 21 67 69 03	2
8/12/23	19 21 37 50 65 26	2
8/14/23	32 34 37 39 47 03	2
8/16/23	09 11 17 19 55 01	2
8/19/23	01 25 27 38 62 13	2
8/21/23	03 04 12 22 28 16	2
8/23/23	25 30 32 33 55 20	2
8/26/23	20 22 26 28 63 05	3
8/28/23	04 06 25 55 68 26	2
8/30/23	04 13 35 61 69 04	2
9/2/23	25 38 42 66 67 19	4
9/4/23	01 26 32 46 51 13	3
9/6/23	09 14 20 23 63 01	3
9/9/23	11 19 29 63 68 25	2
9/11/23	09 25 27 53 66 05	2
9/13/23	22 30 37 44 45 18	3
9/16/23	08 11 19 24 46 05	2
9/18/23	02 21 26 40 42 09	3
9/20/23	16 27 59 62 63 23	3
9/23/23	01 12 20 33 66 21	2
9/25/23	10 12 22 36 50 04	2
9/27/23	01 07 46 47 63 07	3
9/30/23	19 30 37 44 46 22	2
10/2/23	12 26 27 43 47 05	2
10/4/23	09 35 54 63 64 01	2
10/7/23	47 54 57 60 65 19	3
10/9/23	16 34 46 55 67 14	3
10/11/23	22 24 40 52 64 10	2
10/14/23	14 16 42 48 64 14	2
10/16/23	02 27 31 44 64 18	3
10/18/23	01 04 13 35 58 24	2
10/21/23	06 15 24 67 68 11	2
10/23/23	18 21 25 46 64 21	5
10/25/23	25 27 41 53 68 02	2
10/28/23	14 24 50 59 64 02	2
10/30/23	19 22 34 66 69 05	3
11/1/23	22 26 39 47 63 12	3
11/4/23	01 28 30 34 52 06	2
11/6/23	12 25 40 59 61 26	2
11/8/23	14 21 33 39 62 20	2
11/11/23	01 12 14 24 57 07	4
11/13/23	24 33 35 37 42 21	2
11/15/23	03 04 51 53 60 06	3
11/18/23	34 50 51 61 67 20	2
11/20/23	19 26 30 39 63 13	2
11/22/23	20 24 33 39 42 21	2
11/25/23	27 33 63 66 68 09	2
11/27/23	02 21 38 61 66 12	2
11/29/23	06 47 50 61 68 04	2
12/2/23	28 35 41 47 60 03	2
12/4/23	18 19 27 28 45 09	3
12/6/23	02 12 37 56 65 21	3
12/9/23	05 25 26 40 60 01	2
12/11/23	01 24 27 31 62 20	3
12/13/23	03 08 41 56 64 18	2
12/16/23	03 09 10 20 62 25	3
12/18/23	05 08 19 34 39 26	3
12/20/23	27 35 41 56 60 16	2
12/23/23	09 14 17 18 53 06	3
12/25/23	05 12 20 24 29 04	2
12/27/23	04 11 38 51 68 05	3
12/30/23	10 11 26 27 34 07	4
1/1/24	12 21 42 44 49 01	3
1/3/24	30 31 38 48 68 08	10
1/6/24	04 31 34 38 61 13	2
1/8/24	07 17 28 40 45 02	3
1/10/24	25 40 43 48 50 11	2
1/13/24	13 31 33 51 58 15	2
1/15/24	13 30 35 49 59 04	3
1/17/24	18 22 43 61 65 02	4
1/20/24	16 31 34 47 65 10	3
1/22/24	24 25 43 52 63 21	2
1/24/24	01 05 32 50 64 08	4
1/27/24	07 38 65 66 68 21	2
1/29/24	39 41 43 49 64 04	2
1/31/24	15 18 19 41 43 14	2
2/3/24	09 11 27 59 66 19	3
2/5/24	01 02 27 30 67 09	5
2/7/24	12 21 62 67 69 17	3
2/10/24	27 28 34 37 44 08	2
2/12/24	17 36 43 53 67 14	2
2/14/24	01 04 45 47 67 18	2
2/17/24	06 28 59 62 69 21	3
2/19/24	04 23 45 50 53 17	3
2/21/24	04 27 33 41 42 14	2
2/24/24	03 08 40 53 58 03	3
2/26/24	24 29 42 51 54 16	3
2/28/24	16 26 29 38 50 06	2
3/2/24	03 18 27 36 53 12	2
3/4/24	36 42 50 52 67 26	2
3/6/24	06 19 28 44 60 10	2
3/9/24	30 36 49 52 63 16	5
3/11/24	01 03 07 16 66 05	5
3/13/24	21 29 54 59 62 04	2
3/16/24	12 23 44 57 61 05	2
3/18/24	10 17 20 39 44 16	3
3/20/24	13 22 27 54 66 09	2
3/23/24	06 23 25 34 51 03	2
3/25/24	07 11 19 53 68 23	2
3/27/24	37 46 57 60 66 08	2
3/30/24	12 13 33 50 52 23	3
4/1/24	19 24 40 42 56 23	2
4/3/24	11 38 41 62 65 15	3
4/6/24	22 27 44 52 69 09	3
4/8/24	06 21 23 39 54 23	2
4/10/24	06 07 12 24 36 15	2
8/10/24	09 24 33 64 69 09	2
4/13/24	07 33 40 43 69 10	5
4/15/24	07 16 41 56 61 23	3
4/17/24	24 29 44 47 54 02	2
4/20/24	04 35 41 44 58 25	3
4/22/24	12 16 33 39 52 01	2
4/24/24	02 20 22 26 47 21	4
4/27/24	09 30 53 55 62 23	3
4/29/24	11 38 47 67 69 14	2
5/1/24	01 11 19 21 68 15	2
5/4/24	14 20 23 53 69 04	2
5/6/24	07 23 24 56 60 25	2
5/8/24	07 41 43 44 51 05	2
5/11/24	03 06 39 49 67 21	2
5/13/24	05 14 29 38 66 01	2
5/15/24	19 42 45 55 69 06	2
5/18/24	19 36 37 42 59 19	2
5/20/24	01 07 48 64 68 05	2
5/22/24	05 16 18 26 67 04	3
5/25/24	06 33 35 36 64 24	3
5/27/24	09 30 39 49 59 21	5
5/29/24	17 34 56 60 61 09	2
6/1/24	28 38 52 54 68 08	2
6/3/24	19 29 35 36 45 16	2
6/5/24	08 44 45 51 69 12	3
6/8/24	08 38 52 54 64 15	3
6/10/24	03 10 33 58 59 09	2
6/12/24	19 30 31 61 62 21	2
6/15/24	04 36 48 54 56 02	3
6/17/24	30 48 53 58 66 09	2
6/19/24	04 27 44 50 64 07	3
6/22/24	04 05 15 32 62 21	2
6/24/24	05 06 36 53 69 08	2
6/26/24	04 09 36 47 56 07	5
6/29/24	26 51 54 61 69 25	3
7/1/24	05 09 32 39 55 09	2
7/3/24	02 26 33 55 57 22	2
7/6/24	05 32 35 39 49 21	2
7/8/24	20 22 31 33 45 01	3
7/10/24	07 11 12 27 46 26	3
7/13/24	09 55 59 66 69 21	2
7/15/24	09 31 39 40 45 23	3
7/17/24	24 27 32 47 66 26	2
7/20/24	18 25 31 40 57 04	3
7/22/24	31 36 56 58 69 20	2
7/24/24	16 42 59 63 68 13	2
7/27/24	03 31 37 40 64 17	3
8/12/24	09 22 57 67 68 14	3
7/29/24	11 27 30 33 44 16	3
7/31/24	23 34 37 50 58 07	2
8/3/24	13 33 40 60 61 20	3
8/5/24	29 42 44 51 54 12	2
8/7/24	06 19 35 47 57 09	3
8/14/24	08 09 23 29 62 13	2
8/17/24	12 31 43 45 46 22	5
8/19/24	01 02 15 23 28 10	2
8/21/24	27 31 33 38 67 03	2
8/24/24	05 15 21 24 43 17	3
8/26/24	02 04 23 68 69 15	3
8/28/24	05 33 47 50 64 20	2
8/31/24	04 34 35 38 69 19	2
9/2/24	08 42 46 48 53 22	3
9/4/24	07 10 21 33 59 20	3
9/7/24	14 34 37 55 63 20	2
9/9/24	01 16 21 47 60 05	3
9/11/24	10 12 55 65 67 03	3
9/14/24	29 34 38 48 56 16	2
9/16/24	08 09 11 27 31 17	5
9/18/24	01 11 22 47 68 07	4
9/21/24	17 19 21 37 45 14	2
9/23/24	15 21 25 37 45 19	3
9/25/24	02 26 45 46 52 21	2
9/28/24	03 11 13 24 39 22	3
9/30/24	09 11 30 43 69 20	2
10/2/24	01 02 21 37 43 21	3
10/5/24	02 12 46 52 65 03	2
10/7/24	18 30 31 52 63 22	2
10/9/24	25 32 43 53 66 10	3
10/12/24	05 14 20 41 57 06	3
10/14/24	14 18 33 64 67 14	2
10/16/24	04 30 39 44 60 11	2
10/19/24	07 16 19 45 64 25	3
10/21/24	01 25 57 62 64 15	2
10/23/24	02 15 27 29 39 20	2
10/26/24	08 12 40 45 51 15	2
10/28/24	21 27 32 48 67 17	2
10/30/24	13 22 29 43 58 22	3
11/2/24	10 45 48 58 61 02	3
11/4/24	06 18 33 48 53 21	10
11/6/24	12 17 37 58 62 04	2